{"nodes":{"node:1":{"location":{"x":10,"y":10}},"node:4":{"location":{"x":125,"y":14}}},"selection":null,"view":{"scroll":{"x":-13.7352619171142578,"y":-88.3115081787109375},"visible_rect":{"max":{"x":338.64996337890625,"y":190.326919555664062},"min":{"x":-5.65000057220458984,"y":-36.3269424438476562}},"zoom":2.43101954460144043}}